"","ID","Description","GeneRatio","BgRatio","pvalue","p.adjust","qvalue","geneID","Count"
"GO:0016607","GO:0016607","nuclear speck","12/122","111/3818",0.000177482887664322,0.0213584160546975,0.0210237522434748,"Slu7/Spop/Luc7l3/Zc3h13/Acin1/Afdn/Ehmt2/Malat1/Zfp217/Mecom/Gadd45a/Rbbp6",12
"GO:0005746","GO:0005746","mitochondrial respirasome","6/122","28/3818",0.000199114695091441,0.0213584160546975,0.0210237522434748,"ND1/ND2/COX1/ND4/ND5/CYTB",6
"GO:0098803","GO:0098803","respiratory chain complex","6/122","29/3818",0.000244562015893483,0.0213584160546975,0.0210237522434748,"ND1/ND2/COX1/ND4/ND5/CYTB",6
"GO:0070469","GO:0070469","respirasome","6/122","31/3818",0.000359721193440749,0.023561738170369,0.0231925506297325,"ND1/ND2/COX1/ND4/ND5/CYTB",6
"GO:1990204","GO:1990204","oxidoreductase complex","6/122","36/3818",0.000834955967123537,0.0337558665289745,0.0332269477685768,"ND1/ND2/COX1/ND4/ND5/CYTB",6
"GO:0005747","GO:0005747","mitochondrial respiratory chain complex I","4/122","15/3818",0.00103071348180075,0.0337558665289745,0.0332269477685768,"ND1/ND2/ND4/ND5",4
"GO:0030964","GO:0030964","NADH dehydrogenase complex","4/122","15/3818",0.00103071348180075,0.0337558665289745,0.0332269477685768,"ND1/ND2/ND4/ND5",4
"GO:0045271","GO:0045271","respiratory chain complex I","4/122","15/3818",0.00103071348180075,0.0337558665289745,0.0332269477685768,"ND1/ND2/ND4/ND5",4
