HVA_hit_7mer,enrich,miR
GGAGAGA,3.2453669802678364,"miR-3473c,miR-6975-3p,miR-7649-3p"
AGAGAGG,3.1477718359858944,
AGGAGAG,2.5818027040297444,miR-6975-3p
GAGAGGA,2.4092241296390005,miR-7032-3p
AGGAAGG,2.385808625718483,
GGGAGAG,2.3848798644794726,miR-1894-5p
GAGGAGA,2.3655127336072166,
AAGGAAG,2.359570457083495,
AGAGGAG,2.347306462439873,
AAGAAAG,2.337839358291011,
GAAGAAG,2.2672512273198344,"miR-12183-5p,miR-1903"
AAAGAAA,2.2011819921553983,
AGAGGGG,2.1833879740076374,
GAGAGGG,2.163672203374119,
AGGGGAG,2.1584281283677926,
GGAAGGA,2.1199252812754508,
GAAGGAA,2.1079285471726275,
AGAAAGA,2.0635860629472402,
AAGAAGA,1.9995275687870753,
ACACACA,1.872708181142267,"miR-466d-5p,miR-466i-5p,miR-466k,miR-466l-5p,miR-6903-3p"
GGGGAGA,1.8555083195934512,"miR-1894-5p,miR-7045-3p"
GAGGGGA,1.8531015876172623,
AGGGAGA,1.8085866282240475,"miR-343,miR-6976-3p"
GAGGGAG,1.79466406490455,
GAGAGAA,1.791434708631354,miR-6896-3p
GGAAGAA,1.7827055774948681,
GAAAGAA,1.7795028491277065,
GGGGAGG,1.773573722561217,
GGGAGGG,1.756830676986602,
GAAGAGG,1.7451804676305642,
AGAAGAG,1.7447342560192338,
CTGCTGC,1.725676553856302,"miR-1906,miR-761"
GAGGAAG,1.7239164762644121,
AGGAAGA,1.7003632311641579,
CACACAC,1.5693522702987892,"miR-466d-5p,miR-466i-5p,miR-466k,miR-466n-5p"
TGCCGAT,1.5475122240813783,
GCCGATG,1.5428570439798448,
GCGAGGC,1.5428570439798448,
CTGCTAG,1.5011210929519494,
GCAGAAT,1.4941145669055245,miR-544-3p
ATGAGCC,1.4926175853074015,miR-3106-5p
AGGGGGA,1.4698562720034092,
TGAGCCC,1.4590960762154623,
AAGAGGG,1.4556891394523486,
GAGGGGG,1.4513205810267902,
TGTTTAC,1.4397353527524672,"miR-30a-5p,miR-30b-5p,miR-30c-5p,miR-30d-5p,miR-30e-5p,miR-30f,miR-384-5p"
TGAGAGA,1.4311070784520128,
