HVA_specific_7mer,enrich,miR
AGGAGGA,4.482579903869102,
GAGGAGG,4.447356629152186,
GGAGGAG,4.068273987026809,miR-6919-3p
AAGAAGA,4.018067821235622,
GAAGAAG,3.9040306957355173,"miR-12183-5p,miR-1903"
AAGAGGA,3.8397609315532346,miR-6961-3p
AGAAGAA,3.7708357084748614,miR-6946-3p
GAAGAGG,3.6852532001215637,
GAGGAAG,3.5161341224218803,
GAGAGAA,3.4929821521304523,miR-6896-3p
AGAGGAG,3.4675426459107745,
GGAGAGA,3.4339339090059315,"miR-3473c,miR-6975-3p,miR-7649-3p"
AGGAAGA,3.4221695476015213,
AGAAAGA,3.324465643387808,
GGGAGAG,3.3225421741840186,miR-1894-5p
AGAAGAG,3.2814944666890047,
GGAGGAA,3.2597467036731325,
AGAGAGG,3.201754421222073,
GAAAGAG,3.1841569208169105,"miR-130b-5p,miR-7014-3p"
GAGGGAG,3.0938518350787674,
AGAAGGA,3.0804565939856485,
AGGGAGA,3.0182770761707802,"miR-343,miR-6976-3p"
AGAGGAA,3.0007966096845693,"miR-3059-5p,miR-5616-5p"
GAGAAGA,2.9903556858993148,miR-12202-3p
GAAGGAA,2.9882011060130367,
GGAAGAG,2.9824071832410355,
AAAGAGA,2.931011832739978,miR-692
AAAGAAG,2.9296270646781157,
TCTTGCC,2.917635735060404,miR-31-5p
AGGAAGG,2.912497323731406,
GAGAAAG,2.856124994343944,
AGAGAAA,2.8272406870239273,miR-6896-3p
AAGAGAG,2.8204596205157015,
AGAGAAG,2.8030654704277222,"miR-12202-3p,miR-7028-3p"
GAAGGAG,2.7976194845230498,miR-712-5p
AAGGAAG,2.7870407533844888,
GAGAGGG,2.760418044114797,
GAAGAAA,2.751491789305741,miR-6946-3p
AAGAAGG,2.719958804894345,miR-1903
AAGAAAG,2.68924703427131,
GAAAAAG,2.687053277916084,
AGAGGGG,2.651766901803479,
GGAAGAA,2.6449838866602002,
GGAAGGA,2.631503651212005,
GGAGGGA,2.618662006352295,
AAAGAGG,2.5702743810490762,"miR-6961-3p,miR-7014-3p"
GAGAGGA,2.5634454620546796,miR-7032-3p
AGGAGAA,2.557443662371563,
