HVAK_hit_7mer,enrich,miR
CTGTTAC,2.5393436561955967,miR-194-5p
CTACCTC,2.339295326263648,"let-7a-5p,let-7b-5p,let-7c-5p,let-7d-5p,let-7e-5p,let-7f-5p,let-7g-5p,let-7i-5p,let-7k,miR-1961,miR-98-5p"
GGTGCTG,2.283372044066339,miR-3065-3p
GCTGCTG,2.1927194825667615,"miR-322-5p,miR-497a-5p,miR-6342,miR-6419"
AGCTGCT,2.1471622255344984,miR-12186-3p
TGCTGCT,2.1301266557924157,"miR-103-3p,miR-107-3p,miR-15a-5p,miR-15b-5p,miR-16-5p,miR-1907,miR-195a-5p,miR-195b,miR-322-5p,miR-497a-5p,miR-6342,miR-6353,miR-6419"
AAGGTGC,2.0881139255344334,
CTGAGCC,2.0537285185542276,"miR-24-3p,miR-5124b,miR-6361,miR-6369,miR-6410,miR-6413"
TGGTGCT,1.9939098776732291,"miR-29a-3p,miR-29b-3p,miR-29c-3p,miR-770-5p"
GCACTTT,1.9922060083740896,"miR-106a-5p,miR-106b-5p,miR-17-5p,miR-20a-5p,miR-20b-5p,miR-290a-3p,miR-291a-3p,miR-291b-3p,miR-292a-3p,miR-294-3p,miR-295-3p,miR-350-5p,miR-6383,miR-93-5p"
TATGGTG,1.9919852208140914,
TGAGCCA,1.9849011750074061,"miR-24-3p,miR-3106-5p,miR-5124b,miR-6361,miR-6369,miR-6410,miR-6413"
ATGCTGC,1.9640782545479538,"miR-103-3p,miR-107-3p"
ACTTGAA,1.9624989605403251,"miR-26a-5p,miR-26b-5p,miR-6371"
TGCACTT,1.955408596088842,"miR-291b-3p,miR-350-5p"
AGTATTA,1.9525834541933813,"miR-200b-3p,miR-200c-3p,miR-429-3p"
TGTTACA,1.9486391628475637,miR-194-5p
GGTGCTA,1.9478366810047223,"miR-29a-3p,miR-29b-3p,miR-29c-3p"
ATGGTGC,1.9364236053387294,miR-767
TGATGCT,1.9346315071359097,
TAGAGCC,1.9174533980200048,
GTGTGTG,1.9128466813752196,
AGGTGCT,1.899440108408706,
TTCGCCT,1.8579529850836012,
TGTGTGT,1.8399996633342968,"miR-669c-3p,miR-672-3p"
GAATGGG,1.8367628606956958,miR-7674-3p
GTGAAGG,1.8318680483574186,
TTATGGT,1.8311849403007554,
ATCGCTA,1.8294835610491358,
GTGCAAT,1.8268534833789474,"miR-25-3p,miR-32-5p,miR-363-3p,miR-367-3p,miR-92a-3p,miR-92b-3p"
AGGTACG,1.825541200234125,
CCTGTTA,1.824879749506808,miR-6997-5p
AAGCTGC,1.8129064771191115,miR-693-3p
GACCTGA,1.7936618058336027,
GCTGAGC,1.7875074333054883,
GCAGCTA,1.7744881514174908,
TACCTCA,1.7678953018362766,"let-7a-5p,let-7b-5p,let-7c-5p,let-7e-5p,let-7f-5p,let-7g-5p,let-7i-5p,let-7j,let-7k,miR-1961,miR-98-5p"
TATCGCT,1.7638859570393444,
ATATGCT,1.7626771814851931,
CTGCTGA,1.7596070961916035,miR-6340
GATAACT,1.757084389789757,
GTGATGT,1.756731472709365,
GGTGGTG,1.7543229968977405,miR-1306-5p
GTTGTGC,1.7520789132617345,
TGGAGGT,1.751721803802988,miR-1930-5p
GTCTACT,1.7495826724677812,"miR-411-5p,miR-7229-5p"
GTTTAGG,1.7470907433658025,
