weird_HVAK_specific_7mer,enrich,miR
TAGATAG,3.2077579121758353,
GATAGAT,3.141421561449584,
ATAGATA,2.881530181723937,miR-701-3p
AGATAGA,2.6330601752390015,
CAGTATT,2.6077150893555956,"miR-200b-3p,miR-200c-3p,miR-429-3p"
ACTACCT,2.6043431434682347,"miR-196a-5p,miR-196b-5p,miR-3962"
TACCTCG,2.4088363622149864,
CACTTTA,2.3981942716643396,"miR-106b-5p,miR-20a-5p,miR-6383"
CGCACTT,2.2440027786455268,"miR-467c-5p,miR-467d-5p"
TCTACCT,2.238130754556889,miR-1839-5p
TACCTCT,2.2264373351586504,"let-7d-5p,miR-202-3p"
TGCAATA,2.2034386846561453,"miR-32-5p,miR-92a-3p,miR-92b-3p"
GCAGTAT,2.121064978672567,
GTTAGGG,2.0343065686111466,
GTATTAC,2.0130624943176127,
CGGATTG,2.011162425656341,
CACTACC,2.004332174088544,
TCAGTAT,2.001314447266051,
TGTTACT,1.9613468223592745,
CTGCTAC,1.9562253059093135,
GCTGTTA,1.9326636093364309,
CTGCACT,1.920815454381942,
AACTACC,1.9164235523490882,
TGTTACC,1.9152540342682818,
GTTACCT,1.9147026184254647,
CGCTACC,1.9145937679728822,
ACTTTAC,1.8991725401566195,miR-6343
GCTACTG,1.859108679806002,
GTGTGAG,1.8424882053238925,miR-342-3p
ATAAGCT,1.841999177615237,"miR-21a-5p,miR-21c,miR-590-5p"
ACTGCAC,1.8275749992822214,"miR-143-5p,miR-1930-3p"
CCTACCT,1.8222058061147122,
GTGAGAG,1.7966855016477954,
GCGAACC,1.7903396555171696,
TTTGCAC,1.786151409845955,"miR-19a-3p,miR-19b-3p"
