"","pathway","pval","padj","ES","NES","nMoreExtreme","size","leadingEdge"
"1","DODD_NASOPHARYNGEAL_CARCINOMA_UP",0.00288184438040346,0.0662824207492795,0.721356218803408,1.72055227880373,1,16,"c(`13836` = ""Epha2"", `19126` = ""Prom1"", `66395` = ""Ahnak"", `26365` = ""Ceacam1"", `13867` = ""Erbb3"", `224088` = ""Atp13a3"")"
"2","GRAESSMANN_APOPTOSIS_BY_DOXORUBICIN_UP",0.0102040816326531,0.0782312925170068,0.664190714902127,1.59862642798854,6,17,"c(`13836` = ""Epha2"", `66395` = ""Ahnak"", `109019` = ""Nabp1"", `13867` = ""Erbb3"", `224088` = ""Atp13a3"")"
"3","DUTERTRE_ESTRADIOL_RESPONSE_24HR_DN",0.00870827285921625,0.0782312925170068,0.694968119076101,1.631051710886,5,15,"c(`13836` = ""Epha2"", `66395` = ""Ahnak"", `26365` = ""Ceacam1"", `13867` = ""Erbb3"", `74205` = ""Acsl3"", `269181` = ""Mgat4a"", `227937` = ""Pkp4"")"
"4","PILON_KLF1_TARGETS_DN",0.0160642570281124,0.0784090909090909,0.572203309403276,1.57243468706258,11,33,"c(`19126` = ""Prom1"", `66395` = ""Ahnak"", `52588` = ""Tspan14"", `26365` = ""Ceacam1"", `68813` = ""Dock5"", `109019` = ""Nabp1"", `224088` = ""Atp13a3"")"
"5","ZWANG_TRANSIENTLY_UP_BY_1ST_EGF_PULSE_ONLY",0.0170454545454545,0.0784090909090909,0.636157598678884,1.56352580167657,11,18,"c(`13836` = ""Epha2"", `66395` = ""Ahnak"", `26365` = ""Ceacam1"", `13867` = ""Erbb3"", `268297` = ""Scml4"", `72549` = ""Reep4"", `56700` = ""Glmp"", `26398` = ""Map2k4"")"
