"","pathway","pval","padj","ES","NES","nMoreExtreme","size","leadingEdge"
"1","TTGTTT_V$FOXO4_01",0.0278637770897833,0.0975232198142415,0.607041753989994,1.59452224124376,17,17,"c(`13688` = ""Eif4ebp2"", `240725` = ""Sulf1"", `13867` = ""Erbb3"", `18844` = ""Plxna1"", `237542` = ""Osbpl8"", `235584` = ""Dusp7"", `56338` = ""Txnip"")"
"2","CTTTGT_V$LEF1_Q2",0.0172684458398744,0.0975232198142415,0.661932446339123,1.70138765391393,10,15,"c(`20969` = ""Sdc1"", `241452` = ""Dhrs9"", `13867` = ""Erbb3"", `18844` = ""Plxna1"", `235584` = ""Dusp7"", `545622` = ""Ptpn3"", `20430` = ""Cyfip1"", `56426` = ""Pdcd10"", `22631` = ""Ywhaz"")"
