"","pathway","pval","padj","ES","NES","nMoreExtreme","size","leadingEdge"
"1","ONDER_CDH1_TARGETS_2_DN",0.00121359223300971,0.0121359223300971,0.881146693476114,1.92448112256298,0,16,"c(`218442` = ""Serinc5"", `11745` = ""Anxa3"", `12305` = ""Ddr1"", `12505` = ""Cd44"", `16534` = ""Kcnn4"", `241639` = ""Fermt1"", `16403` = ""Itga6"", `13511` = ""Dsg2"", `14107` = ""Fat1"", `65970` = ""Lima1"", `54357` = ""Epb41l4b"")"
"2","KOINUMA_TARGETS_OF_SMAD2_OR_SMAD3",0.00120048019207683,0.0121359223300971,0.750998895184635,1.69437339493463,0,20,"c(`11745` = ""Anxa3"", `18145` = ""Npc1"", `12505` = ""Cd44"", `319565` = ""Syne2"", `241639` = ""Fermt1"", `13511` = ""Dsg2"", `14107` = ""Fat1"", `65970` = ""Lima1"")"
