"","pathway","pval","padj","log2err","ES","NES","size","leadingEdge"
"1","CTTTGT_V$LEF1_Q2",0.000948078991207069,0.0161173428505202,0.477270815362862,0.635928932906469,1.79415867173152,28,"c(`16398` = ""Itga2"", `17886` = ""Myh9"", `68585` = ""Rtn4"", `19270` = ""Ptprg"", `239528` = ""Ago2"", `16709` = ""Ktn1"", `16456` = ""F11r"", `12387` = ""Ctnnb1"", `76499` = ""Clasp2"")"
