"","pathway","pval","padj","log2err","ES","NES","size","leadingEdge"
"1","LEE_BMP2_TARGETS_UP",0.000568696499067265,0.0199043774673543,0.477270815362862,0.779049148632639,1.72080713103393,15,"c(`13511` = ""Dsg2"", `19126` = ""Prom1"", `109620` = ""Dsp"", `74205` = ""Acsl3"", `12305` = ""Ddr1"", `14107` = ""Fat1"", `239528` = ""Ago2"")"
"2","ONDER_CDH1_TARGETS_2_DN",1.03696762399611e-05,0.000725877336797274,0.593325476396405,0.807055622304685,1.86629596738684,20,"c(`13511` = ""Dsg2"", `16534` = ""Kcnn4"", `16398` = ""Itga2"", `54357` = ""Epb41l4b"", `11745` = ""Anxa3"", `12505` = ""Cd44"", `109620` = ""Dsp"", `218442` = ""Serinc5"", `12305` = ""Ddr1"", `14107` = ""Fat1"", `65970` = ""Lima1"", `16403` = ""Itga6"", `241639` = ""Fermt1"")"
