"","pathway","pval","padj","log2err","ES","NES","size","leadingEdge"
"1","CHARAFE_BREAST_CANCER_LUMINAL_VS_BASAL_DN",0.000186215215380234,0.0126626346458559,0.518848077743792,0.775950387547724,1.81439559995758,15,"c(`50932` = ""Mink1"", `71720` = ""Osbpl3"", `14066` = ""F3"", `12505` = ""Cd44"", `100273` = ""Osbpl9"", `21813` = ""Tgfbr2"", `16400` = ""Itga3"", `103080` = ""Sept10"", `16403` = ""Itga6"", `232906` = ""Arhgap35"")"
"2","WAKABAYASHI_ADIPOGENESIS_PPARG_BOUND_8D",0.000818123598064591,0.0278162023341961,0.477270815362862,0.728771481001414,1.79919209850651,19,"c(`71720` = ""Osbpl3"", `14066` = ""F3"", `17261` = ""Mef2d"", `100273` = ""Osbpl9"", `16400` = ""Itga3"", `14284` = ""Fosl2"", `109168` = ""Atl3"", `12283` = ""Cab39"", `22724` = ""Zbtb7b"")"
