"","pathway","pval","padj","ES","NES","nMoreExtreme","size","leadingEdge"
"1","CAGCTG_V$AP4_Q5",0.0141643059490085,0.0755429650613787,0.690514645853323,1.6104244015331,9,15,"c(`13836` = ""Epha2"", `13867` = ""Erbb3"", `224088` = ""Atp13a3"", `74205` = ""Acsl3"", `16400` = ""Itga3"")"
"2","TGTTTGY_V$HNF3_Q6",0.00708215297450425,0.056657223796034,0.713181710141423,1.66328873056636,4,15,"c(`13836` = ""Epha2"", `66395` = ""Ahnak"", `13867` = ""Erbb3"", `16400` = ""Itga3"", `269181` = ""Mgat4a"", `72549` = ""Reep4"")"
"3","CTTTGA_V$LEF1_Q2",0.0056657223796034,0.056657223796034,0.72249729481983,1.68501462004712,3,15,"c(`13836` = ""Epha2"", `66395` = ""Ahnak"", `68813` = ""Dock5"", `13867` = ""Erbb3"", `224088` = ""Atp13a3"", `12591` = ""Cdx2"", `74205` = ""Acsl3"")"
