"","pathway","pval","padj","log2err","ES","NES","size","leadingEdge"
"1","CAGCTG_V$AP4_Q5",0.00107270020000414,0.0450534084001741,0.45505986738723,0.661677610992658,1.73173310781106,27,"c(`20361` = ""Sema7a"", `16440` = ""Itpr3"", `102502` = ""Pls1"", `80718` = ""Rab27b"", `286940` = ""Flnb"", `98711` = ""Rdh10"")"
