"","pathway","pval","padj","ES","NES","nMoreExtreme","size","leadingEdge"
"1","TTGTTT_V$FOXO4_01",0.0231124807395994,0.0808936825885978,0.607041753989994,1.56989142826763,14,17,"c(`13688` = ""Eif4ebp2"", `240725` = ""Sulf1"", `13867` = ""Erbb3"", `18844` = ""Plxna1"", `237542` = ""Osbpl8"", `235584` = ""Dusp7"", `56338` = ""Txnip"")"
"2","CTTTGT_V$LEF1_Q2",0.0110236220472441,0.0771653543307087,0.661932446339123,1.6507734787577,6,15,"c(`20969` = ""Sdc1"", `241452` = ""Dhrs9"", `13867` = ""Erbb3"", `18844` = ""Plxna1"", `235584` = ""Dusp7"", `545622` = ""Ptpn3"", `20430` = ""Cyfip1"", `56426` = ""Pdcd10"", `22631` = ""Ywhaz"")"
