"","pathway","pval","padj","log2err","ES","NES","size","leadingEdge"
"1","CUI_TCF21_TARGETS_2_DN",0.000457563648955225,0.0188074864934017,0.49849310876659,0.755446095095049,1.83791577029099,15,"c(`66395` = ""Ahnak"", `68813` = ""Dock5"", `18383` = ""Tnfrsf11b"", `74205` = ""Acsl3"", `13836` = ""Epha2"")"
"2","DUTERTRE_ESTRADIOL_RESPONSE_24HR_DN",0.000606693112690377,0.0188074864934017,0.477270815362862,0.749100351197238,1.82247728585148,15,"c(`66395` = ""Ahnak"", `74205` = ""Acsl3"", `13836` = ""Epha2"", `269181` = ""Mgat4a"", `26365` = ""Ceacam1"", `13867` = ""Erbb3"", `227937` = ""Pkp4"")"
"3","SMID_BREAST_CANCER_BASAL_UP",0.00263066508866766,0.0543670784991317,0.431707695803346,0.706757334972978,1.7332462853375,16,"c(`19126` = ""Prom1"", `18383` = ""Tnfrsf11b"", `13836` = ""Epha2"", `26365` = ""Ceacam1"", `13867` = ""Erbb3"", `224088` = ""Atp13a3"", `13424` = ""Dync1h1"")"
"4","ZWANG_TRANSIENTLY_UP_BY_1ST_EGF_PULSE_ONLY",0.00364376411979083,0.0564783438567579,0.431707695803346,0.635795441906809,1.69058240661353,25,"c(`66395` = ""Ahnak"", `18383` = ""Tnfrsf11b"", `13836` = ""Epha2"", `268297` = ""Scml4"", `26365` = ""Ceacam1"", `26398` = ""Map2k4"", `72549` = ""Reep4"", `13867` = ""Erbb3"")"
