"","ID","Description","GeneRatio","BgRatio","pvalue","p.adjust","qvalue","geneID","Count"
"mmu00510","mmu00510","N-Glycan biosynthesis","9/343","50/8912",0.000103378218383018,0.0290492793656281,0.0268783367795848,"53618/102580/107895/269181/67569/208624/227697/13478/13200",9
