"","ID","Description","GeneRatio","BgRatio","pvalue","p.adjust","qvalue","geneID","Count"
"mmu04151","mmu04151","PI3K-Akt signaling pathway","11/73","355/8657",0.000171018593894068,0.0179623556166274,0.0148425780621605,"17246/16403/12125/17210/12843/74769/12842/208647/16653/16412/67168",11
"mmu05165","mmu05165","Human papillomavirus infection","11/73","361/8657",0.000198045093280518,0.0179623556166274,0.0148425780621605,"17246/11975/16403/18129/12843/11920/74769/12842/208647/16653/16412",11
"mmu05146","mmu05146","Amoebiasis","6/73","107/8657",0.000269435334249411,0.0179623556166274,0.0148425780621605,"12825/12843/74769/12842/14675/17831",6
"mmu04919","mmu04919","Thyroid hormone signaling pathway","6/73","118/8657",0.000456735892543095,0.018304733801699,0.0151254905624565,"11931/17246/18129/74769/53313/16653",6
"mmu05412","mmu05412","Arrhythmogenic right ventricular cardiomyopathy (ARVC)","5/73","77/8657",0.000457618345042474,0.018304733801699,0.0151254905624565,"13506/16403/53313/16412/13511",5
"mmu04926","mmu04926","Relaxin signaling pathway","6/73","129/8657",0.000733061185693603,0.0244353728564534,0.0201913344129642,"12825/12843/74769/12842/208647/16653",6
"mmu05206","mmu05206","MicroRNAs in cancer","9/73","303/8657",0.000947913002848204,0.0270832286528058,0.0223792994657395,"17246/20677/12125/17210/18129/11920/74769/16653/15364",9
"mmu04933","mmu04933","AGE-RAGE signaling pathway in diabetic complications","5/73","101/8657",0.00156906581610672,0.039226645402668,0.0324135964643099,"12825/12843/74769/12842/16653",5
